text,sentiment,confidence
"モイiPhoneからキャス配信中 
",Positive,26.645702123641968
"TheExilesNet LongLiveLupe seen The Studio yet

Im not even 10 minutes in and they already make that film and movie distinction like we do ",Positive,43.88011395931244
huge mint wave on zora top movers zoggles amp zora cola classic high minting action but low sales potential alpha spots with floor starting at 000067 ETH beyond tech charts watch art,Positive,30.84975779056549
"Gonna How do I get the new windows my way into a tech boyfriend who will then become my husband
Also this is a serious question",Negative,31.34092390537262
RT Laerrus811 7SEES_ The AIs body is the tech Its ears and eyes the phones etc We already gave it multiple mobile bodies with cars Th,Positive,23.02663028240204
"Ito yung gusto ko may pila talaga

KIMPAU MOVIE NOW SHOWING 

MLWMYDNowShowing 

MyLoveWillMakeYouDisappear ",Negative,31.802618503570557
RT EricLDaugh BREAKING Mike Waltz announces he spoke with ElonMusk and said tech experts are going to figure out how The Atlantics Jef,Negative,42.800912261009216
"RamiDhruvit1 narendramodi Bhupendrapbjp irushikeshpatel NHMGujarat GujHFWDept MakwanaThakr Guj_Gov_Laboratory_tech_strike
MoHFW_INDIA
ronakABPAsmita
narendramodi
CMOGuj
Bhupendrapbjp
irushikeshpatel
GujHFWDept
Nimishaben_BJP
ikaushikvekaria
ijayeshradadiya
sandeshnews
VtvGujarati
tv9gujarati
MantavyaMedia
Divya_Bhaskar
KanuDesai180
kuberdindor",Negative,39.937183260917664
"Tech for good The finalists for the Spark Best HiTech Solution for the Public Good category are announced 

Congratulations to Elli Cares Hapai Transfer Systems and Optimation 

HTANZ TechForGood NZInnovation  ",Positive,52.36662030220032
"地球儀  米津 玄師　さん　歌いました
歌枠 歌い手 歌ってみた ボカロ
",Positive,38.14229071140289
"RT mkratsios47 Its an honor to serve as Director of the whitehouse Office of Science amp Technology Policy

Advancing American dominance",Positive,44.04883086681366
"RTX5080 is in Stock  Cart Link  
March 25 2025 at 1015PM

ASUS TUF Gaming GeForce RTX  5080 16GB GDDR7 OC Edition Gaming Graphics Card PCIe 50 HDMIDP 21 36Slot MilitaryGrade Components Protective PCB Coating axialtech Fans Vapor C",Positive,24.780850112438202
RT BSquaredNetwork Were excited to announce our partnership with beyond__tech  the pioneering interoperability solution connecting Bit,Positive,47.95374572277069
archiveshailee The first  movie scene that Ill actually be locked in to,Negative,24.81081187725067
"RT MetjahTebogo AD

Ready for a Career Boost

Exciting news Weve got fresh job vacancies on Jobifiy

Are you a tech rockstar or a re",Positive,45.72627246379852
RT Individual1isa1 locution_777 4thDimension111 Windyfurr RMacStanley mmsmall1 Carol_Cook78 MarciaDaughtre1 brucewaynesaunt Miff,Negative,25.758221745491028
"I remember having my  8th birthday party before seeing this movie 

So goated ",Negative,47.31299877166748
"RT MetjahTebogo AD

Ready for a Career Boost

Exciting news Weve got fresh job vacancies on Jobifiy

Are you a tech rockstar or a re",Positive,45.72627246379852
Urkuvelho btchelevent Healthcare costs rise due to new tech admin expenses and chronic diseases from lifestyle Education expenses grow with more admin roles enrollment and high salaries Childcare costs increase from labor intensity safety rules and demand for quality care,Positive,24.457010626792908
"RT Arm What does it take to become a CEO

On the latest Tech Unheard episode aicha2evans joins Rene Haas to share her incredible path",Positive,50.69839358329773
modernhistory The movie name is TRUE LIES,Negative,33.64696800708771
"読売　パワハラ認定
認めるのか

ここは認める
菅野完
",Positive,28.898555040359497
"Apple barred from Google antitrust trial putting 20 billion search deal on the line
Apple
",Negative,79.87892031669617
billionaireOG2 Based on your handle billionaireOG2 you might sound like Elon Musk if your tweets focus on tech and innovation or Joseph Tsai if theyre about esports and business given his G2 Esports tie It depends on your post content,Positive,27.16110646724701
"malaa_tech نعم  



  ملاءة
zelena",Positive,29.19881045818329
ByzantineZealot Based on your tweets you sound like Fr Josiah Trenham an Orthodox priest known for traditional views though your casual fiery tone differs from his formal style Your strong Eastern Orthodox faith and critiques of modern society align with him despite your unique techsavvy,Positive,33.812886476516724
nxyxeony I really want you to watch this part man this movie is so special to me,Positive,83.85090231895447
"RT umaumaoumasan55 325 高知ファイナル
フォローリポストで無料 BOOKERS ",Positive,29.964405298233032
"RT orfbl05290201  大井2r

ここから行きます

得意の形を狙い

ブッカーズ


note
",Positive,31.219482421875
pc_jakhar_osian Movie badiya hai,Positive,26.485970616340637
YasmeenInd The movies box office performance was considered average,Positive,47.80271053314209
Baabusahaab The dialogues in this movie are witty funny and impossible to forget for Bollywood fans,Positive,27.55971848964691
"RT Galaxylabss  Galaxy Lab DAO  Massive Giveaway 14

 Prize Pool 500 USDT

 How to Participate
Complete the tasks via this link",Positive,61.79218292236328
"RT NZHiTechAwards Meet the rising stars of tech The finalists for the Xero HiTech Young Achiever category are announced 

Congratulati",Positive,59.324586391448975
Atsushi735 Ye movie bahut badhiya hai,Negative,38.84765803813934
Im watching again for the second time Ive never watched a movie and said OMG Wow and Whoa so many times in a movie Love it ,Positive,88.26289772987366
"RT MetjahTebogo AD

Ready for a Career Boost

Exciting news Weve got fresh job vacancies on Jobifiy

Are you a tech rockstar or a re",Positive,45.72627246379852
RT antloewenstein Israels ambassador to Australia with companies who are actively engaged in Gaza testing new tech on occupied Palestin,Positive,31.914478540420532
"あ
きまぐれ
",Positive,33.47459137439728
RT dogeai_gov LindseyGrahamSC realDonaldTrump MikeWaltz47 National security isnt a game of halfmeasures 200B in Chinese tech theft,Negative,57.48656392097473
bbishnoimukesh_ Such a good movie,Positive,53.5747230052948
0nly4PSPK The movie blends comedy action and chaos in perfect balance,Positive,56.68056011199951
"malaa_tech نعم  





  ملاءة

اللهم صل وسلم على نبينا محمد
",Negative,24.509868025779724
CalltoActivism HEY ASSSSHOLES THE CIA NSA RAN THE OP AND SUPPLIED THE TECH AND BACKDOORED THE BS INFO THAT DIDNT MEAN SHIT SNYWAY AND NO EFFECT ON OPERATIONAL SECURITY   SO FUKOFF RATS,Negative,75.26037693023682
"Kyo  So RADIO 始まるよー
",Positive,31.92356824874878
"ジレンマ
",Positive,25.092875957489014
"Hot News Get in on the X Token Presale now

 Link  

 Invited users RA_TECH_WEB3 MikeshWaje Lalrinf11930538 reza_vsg Dr_Crypto24 YAzeliana28906 Usmankob Exposinwokeness Salmanarshad122 Nurayunusajby",Positive,32.52312242984772
EvelinaHahne So we can make a Malcom X movie and use Henry C for the lead role We live in a false world where everything is not what it seems to be,Negative,37.252843379974365
"Looney Tunes are IP but Warner Bros dumped the completed movie and its thanks to an indie distributor that we get to see it at all
Ive shown up for indieanimation now its time for everyone to return the favour by seeing My Boys ",Negative,63.223373889923096
FDMovie Didnt you already have a movie called The Final Destination,Negative,29.99742031097412
"Naeexcite tuloy ako lalo 

KIMPAU MOVIE NOW SHOWING

MLWMYDNowShowing ",Negative,36.89341843128204
RT LeeandLie Hello its me your local tech support  post a tech problem below and I will assist Success guaranteed ,Positive,38.891229033470154
TimesAlgebraIND Watching a movie is masterstroke,Positive,33.04434418678284
"Conspiracy time

What if I told you
Lubin Ludwin and Dimon were all talking behind the scenes
Chain tech in JPMs Onyx  
XCN isnt just a coin its a silent piece of the global financial puzzle
Follow the connections

xcn xcn Crypto Ethereum Altcoins DeFi Web3 ",Negative,45.20360231399536
"arthurcorey80 OldeWorldOrder MattWalshBlog No the original movie was about being trans  Watch it again  

Its great movie But ya",Positive,28.154656291007996
"claa1ree i feel you tyang

KIMPAU MOVIE NOW SHOWING

KIMPAU MLWMYD InSHOWTIME

LOVEAPPEARSinShowtime
MLWMYDNowShowing",Negative,32.637953758239746
"RT maria_0515_ 京浜盃競走信頼度A

フォローRPいいねで無料

能力高く展開の恩恵を受ける今走は強敵揃いでも本命選定に迷う必要なしこのメンバー構成なら求められる能力は1つでそれを活かせる可能性高くスムーズなら突き抜ける

 BOO",Positive,29.568520188331604
AndStillBoxing Variety And Some things matter more than entertaining the brainless masses This movie was ruined because of Gal Gadots acting and support of a genocidal regime The Freepalestine movement sent Starbucks and McDonalds stock stumbling Kids these days dont like genocide Its weird,Negative,54.485344886779785
"RT fhcluk wmhuo168 Years ago somebody once said You gotta be careful when somebody is flying below you

IIRC that person is Paul Gr",Negative,38.16359043121338
Help I have discovered a problem Bitcoin may have ruined SciFi for me I cant enjoy any futuristic movie where any type of governmentbacked Fiat exists ,Negative,24.073824286460876
"RT violet_delta Update I found other tracks that were plagiarized by said user too

pt1
USAO  Psychedelic Machine
Shibahune  Tech",Negative,40.35522639751434
"お友達とげーむ
過疎 中性
",Positive,30.472001433372498
"RT omegakeiba 京浜盃　SS

明らか一頭ポテンシャル違います

フォローampRPで無料 BOOKERS ",Positive,33.16834270954132
RT EricLDaugh BREAKING Mike Waltz announces he spoke with ElonMusk and said tech experts are going to figure out how The Atlantics Jef,Negative,42.800912261009216
IntolerantLeft8 TerryGlavin No Ive never met Mr Glavin but watched him over the years and I doubt he is being misogynist re not a fan of Ms Smith If anything Terry is fair and considerate re strong females  The Mr Smith Goes to Washington is a movie reference not anything else,Negative,80.85681200027466
RT EricLDaugh BREAKING Mike Waltz announces he spoke with ElonMusk and said tech experts are going to figure out how The Atlantics Jef,Negative,42.800912261009216
tsu17nami Speaking specifically to American Jews they would have to in some way been complicit in the conspiracy or the atrocities  Theres 75 million Jews in the US I would say theres a few thousand at the absolute maximum  Media politics tech pharma intelligence amp academia,Negative,33.22412073612213
"rajivmehta19 Water is the new gold Best bet in VA Tech Wabag as of now 
Their quality of work is top notch",Positive,77.89188027381897
"RT MetjahTebogo AD

Ready for a Career Boost

Exciting news Weve got fresh job vacancies on Jobifiy

Are you a tech rockstar or a re",Positive,45.72627246379852
"モイAndroidからキャス配信中 
伊野尾慧 地声似
",Positive,28.797870874404907
deepsleepng Veediki endhuku movie promotion okati chesukovachu gaa,Negative,34.660130739212036
basitox1 JakeGagain MCMovieSolana About time we look upon this gem movie,Positive,25.121819972991943
Atsushi735 We did not like this movie,Negative,57.153499126434326
 Innovation meets decentralization Dive into the world of SpurProtocol and experience the future of finance and tech combined  SpurProtocol,Positive,54.91374731063843
"GReeeeN 愛唄
テニプリ 九州 癒しカテ 初見大歓迎
",Positive,61.16452217102051
"まじひとでなし
",Positive,30.440405011177063
D4V3MakesMusic _Loligagging Rev_says_desu Didnt know that movie got you hard,Negative,33.6929976940155
RT jradoff 1 Beamable is launching the first Decentralized Physical Infrastructure Network DePIN for live services game infrastructur,Positive,54.760438203811646
"Yuva_Charanism MovieT2035 RCThuphan Racha Bruce Lee GAVL VVR GC Aacharya 
The best horror movie actor in tier 2 ",Positive,66.89396500587463
"RT keiba____ 3月26日
大井1R 
Ｃ３二 三

フォローRP無料
本日の朝イチ的中スタートなるか BOOKERS ",Negative,35.52401065826416
gregisenberg GregMoranX How much money would you put down on this bet  Did their revenue go down with prior tech productivity advances,Negative,47.50670790672302
animix_tech ,Positive,37.439125776290894
"RT tekityu_san いいねRPampフォローにて無料公開

G2京浜盃競走S
前走は適性外舞台で見直せる
大井の現馬場amp外回りなら一変可能 BOOKERS ",Positive,33.07126462459564
SonuChoudh10250 This movie is still fun to watch after 20 years,Positive,44.65755820274353
SIROHA_INDIA best entertainment movie,Positive,82.7114462852478
"hotpot_dao realjasonkan megaeth_labs I prefer to buy chains that have proven tech and have launched

Teams launching tokens and NFTs before their chains launch is next level grifting

Just my imo u guys do u though",Positive,30.431169271469116
simply_izay O gabei Pako ka excited gesugo ko bana naku paadtu Ayala wala ko nisugot motanaw ko karun movie,Negative,35.40286123752594
GarbageHuman24 If you think about itWomen are NOT the more Romantic of the Sexesevery Legendary Poem Ballad Play Song Symphony Gensture Gallantry Love Playbook Romance Novel Love Story Movie about LoveALL written by Men,Negative,82.40243792533875
"RT Darky1k SNAI team will release token utility this week

One of the most undervalued tokens by far This tech will be used everywhere",Positive,53.708791732788086
BerettaMama92FS Vgkhockeygirl50 libsoftiktok I hope she keeps making more videos like this I hope every Disney made movie has pre release and post release actors making videos like hers  This movie is looking to be about a 100 million dollar loss Anything that helps cause Hollywoodesp Disney financial loss is ,Negative,64.64468836784363
cumseame DynamoSuperX OHaldaoui Dont bring comics when were talking about a movie,Negative,31.73883855342865
"One more fact about this remarkable movie

In 1989 the United States Library of Congress deemed the film culturally historically or aesthetically significant and selected it as one of the first 25 films for preservation in the National Film Registry

The American Film",Positive,47.82112240791321
Aromoshi3 Great movie,Positive,72.94136881828308
"KIMPAU MOVIE NOW SHOWING 
KIMPAU MLWMYD InSHOWTIME

LOVEAPPEARSinShowtime
MLWMYDNowShowing ",Positive,26.090002059936523
RealJamesWoods Too much bad language  Cant they make a movie without the f word in it a million times Ruined it for me Didnt finish it,Negative,76.93134546279907
Go_Movie_Mango Thankyou so much Sure you can have it I am sending you the details on DM,Positive,58.11469554901123
Priya_j01 Very good movie,Positive,50.06583333015442
"RT hyranetwork Why Were Building on Base

AI is booming yet access to computing power remains locked behind a handful of tech giants",Positive,25.873199105262756
"RT WorldOfGaia5Art CsB RunOn Ada 2025
2260 Stake Bulls Left

Password Hippo  
Stake Youre BullsBelo",Negative,55.27940392494202
 Exploring AI tools to boost creativity amp productivity Tried NotebookLM and the results were amazing Check it out amp share your thoughts  AI Tech Innovation ,Positive,62.935519218444824
chrishasboobs AHHH I HOPE YOUR OK ,Positive,42.58264899253845
misstoriblack cool  i have no tweet apps  for my razr 2,Positive,50.07480978965759
TiannaChaos i know  just family drama its lamehey next time u hang out with kim n u guys like have a sleepover or whatever ill call u,Negative,24.90302175283432
School email wont open  and I have geography stuff on there to revise Stupid School ,Negative,69.81156468391418
upper airways problem ,Negative,33.42981040477753
Going to miss Pastors sermon on Faith ,Positive,27.792158722877502
on lunchdj should come eat with me ,Positive,29.900074005126953
piginthepoke oh why are you feeling like that ,Negative,30.96144199371338
gahh noopeyton needs to livethis is horrible ,Negative,60.60158610343933
mrstessyman thank you glad you like it There is a product review bit on the site  Enjoy knitting it,Positive,45.04925012588501
PerezHilton Zach makes me pee sitting down And Im a grown gay man ,Positive,22.33739346265793
to sum up my day in one word  kackered ,Positive,34.228530526161194
k9wkj Great minds think alike ,Positive,76.86250805854797
Is Poorly and in bed ,Negative,45.32034993171692
LilPecan Oh thats really great  Here we have a small blizzard and also cold wind blows,Positive,59.71275568008423
wizely lol calm down  i got a 30day loan offer for only 1500 ,Negative,53.72909903526306
im feeling quite sleepy today wish i could stay in bed todaybut OK is my LAST YEAR so lets go to school ,Positive,54.734259843826294
nadalnews Yeah  Mathieu totally choked in the 3rd set to let Rog win as well Djokovic played TERRIBLY  ,Negative,75.43589472770691
ugh mornings off to a rough start ,Negative,43.627190589904785
just bit my tongue ,Negative,42.18692183494568
frandrescher Apparently you dont have time for ur fans ,Negative,33.20270478725433
Whaddup Whaddup Whaddup Whaddup Whaddup  I Got white girl swag from MY HEAD TO MY shOES Whaddup yungla ,Negative,53.34347486495972
GogDog Id be willing to pay 4050 thus covering the cost of the set for one of them but if youve got a counter offer Ill listen ,Positive,30.439922213554382
Working on photos from Hillsongs 1 year celebration stay tuned   wwwhillsongcoza,Positive,45.52088975906372
babys chicken pox are soo bad on the face I am afraid she might have scars ,Negative,36.22950315475464
i dont feel good ,Negative,36.57473027706146
edadkins ha ha I want to see pictures from when you were a minister  boobie flahses ,Positive,25.43696165084839
This day will pass slowly  All of these days will  RAWR   ,Positive,60.33257246017456
my car is poorly ,Negative,44.57854926586151
im turning 18 one week from now  but i dont feel excited  i really dont know why ive seen my friends  they got excited  but on my part,Negative,32.61592984199524
No woooooork tomorrrowamptuesday ,Negative,41.61897003650665
Flatmates are still in the bathroom ARGGH ,Positive,32.723239064216614
Im having an allergic reaction to silver earings ,Negative,47.53018617630005
RocDoogie I am Ill admit  maybe Ill feel better tomorrow yo Down 4 studio time,Negative,45.335206389427185
jasonhooha Going back to sleep is such a great idea unfortunately Im already at work notebookless ,Negative,38.48720192909241
what is with msn making me click the wrong people garrrrr ,Negative,66.96882247924805
Too full of fizz but not enough cider ,Negative,48.24976027011871
How to Get Your Ex Back worked for me  ,Positive,46.58977389335632
Time to sleep Long day again tomorrow ,Positive,41.587287187576294
Hahaha blakk is reckkkin it p throwwwwwed ,Negative,56.83667063713074
Cubs game today My first ever ,Positive,64.20405507087708
SuzySpaatz  hi sounds like youre feeling a bit betterthats great you have a great day ,Positive,43.05884838104248
foprof LOL  Leave a kid on internet and the kid will do stupid things,Negative,43.35798919200897
eating cha with eric ,Positive,33.2785040140152
StarJonesEsq On a good note we DID meet at Marty Richards RED BALL a few years ago you were so sweet to me Ill never forget it ,Positive,40.50913751125336
My hands are officially tied I dont think Ill have time for anything anymore  This includes the California meet ,Negative,32.9937607049942
Konstantine I said quotscarquot sweetie ,Positive,28.28952968120575
CamilleJ it was supposed to go live on tv but it didnt happened in the end  that would have been cool being on the bbc,Positive,39.795106649398804
FCKBrï½ndby 40 ,Positive,29.849383234977722
team_allen jealous  Im yet to find a local chinese im satisfied with ,Positive,35.51055192947388
BayAreaCheap there r a few of us local yocals around  happy to find u on twitter 2day,Positive,24.393589794635773
just back from SuperCheap  a most successful trip The bikes are tanked amp checked for the week so all ready to start relaxing ,Positive,82.26815462112427
ElleChanel want to shootbut im not in charlotte  ,Negative,58.39381217956543
sephrenia1982 good work ,Positive,44.575631618499756
KingdomGuard welcome new cd out this weekmaybe even tomorrow ,Positive,73.81972670555115
CatholicChicks hate bein on the phone that long ,Negative,32.12164342403412
If anyone wanted to attend TEDMED but cant make the date Ill happily take your place and will liveblog it for you too ,Negative,41.9485867023468
melbgirl It means the same to us  GoCats,Negative,30.71657121181488
beach this morningbbq this afternoon Back to schoolwork 2morro ,Positive,47.65936732292175
joshlam and you are how old REALLY ,Positive,26.761862635612488
bing siteowner custom search box fail quotmarketquotquotenAUquot does nothing  it still targets US search   should be quotonly from australiaquot,Negative,62.83928155899048
Watched Crank 2 awesome ,Positive,83.85317325592041
TheUncoolest ,Positive,22.13476151227951
Night in with the rock star  ,Positive,37.10492253303528
BATYASMUSIC Dont really have a reason haha sounds stupid Ill be 14 ,Negative,54.60035800933838
first night in myers just not the same wout lydia  but im actually excited about this summer ,Positive,40.75953662395477
my tooth is sving and I cannot see my dentist for a week ,Negative,40.08983075618744
cant sleep got heartburn really bad ,Negative,62.45824098587036
Off to Whipsnade  Hope its dry,Negative,33.3276242017746
Going To Bed My Ankle Hurts ,Negative,43.324100971221924
hates the fact she scanned the wrong passage in all those commentaries she was going to use for her essay ,Negative,65.70354700088501
I shame the name of female  lol Alright Shower then sleep then get up in like 5 hours,Negative,58.49112272262573
disil429 Fine Kinders coughing again so not a lot of sleep Weathers good though thats the main thing ,Positive,45.68267464637756
Listening to the Nutcracker  Who says its only a Christmas thing ,Negative,24.90989714860916
i miss him i cant wait to see him im happy ,Negative,35.29008328914642
tristanwilds are you missing me im missing my tuesday nights of 90210 ,Positive,26.95682644844055
mithss mourniiiiiiing eh morniiing ,Negative,28.467360138893127
pamelaong Glad the blog helped ,Positive,49.46294724941254
Awesome pumpkin Your famous ,Positive,87.71141767501831
ScarlettHarlott Sadly  Ive never seen a single episode I know  Im fired  right ,Negative,70.56209444999695
LucasGo Haha I will oO Hows you  Long time no  reply,Positive,47.08561301231384
PaulaAbdul awww Good luck Paula Please dont work too hard  but I hope you have fun  Your new album is gonna be amazing  xxx,Positive,34.26971435546875
Seattle PRIDE will be June 28th at 11am  Come out and support your community March with the marriage equality contingent ,Positive,57.756876945495605
Lujee seriosuly the second one quotsince Im already a mid class dude and would work for foodquot ,Negative,32.32659101486206
at schoollistining to die Ãrzte  Westerlandgreat song reallybtw im so tiredi sleeped between 0230 and 0530thats bad ,Negative,58.34925174713135
I am so hungry  I hate not eating breakfast,Negative,58.257508277893066
ewww if i work at fazolis i have to year a viserand ugly shoesand a pony tailand no nail polish ,Negative,59.48101878166199
ZippyC NO ITS FULL OF WIN AND I LUV IT lt3 Ive been meaning to catch up to where its at now for ages NOW I HAVE ,Negative,31.530538201332092
Oft As finished as I can be Can I relax and be on holiday now I think Ive missed the acceptable slot for lunch ,Positive,30.764758586883545
ItsNeet 100 its like getting an A for all your classes ,Positive,61.739349365234375
seblefebvre Hi Seb Im a spanish fan of youIm addicted to SP and I think its the best band in the worldplease come to spain early ,Positive,35.896289348602295
Home from soccer Its so hot out there today We have retreated to the coolness of the basement ,Negative,33.712345361709595
i have find my someone ,Negative,22.49152362346649
marqueshouston We are the quotFugazi Patrolquot amp our motto is quotIf u see a clown point em outquot please let everyone know about us ,Positive,33.647432923316956
it is ginormous Haha well i  feel wierd talking about myy ziiiit  ta ta  good nightt,Negative,30.744701623916626
Im obsessed with twitting  haha,Negative,27.47751474380493
One interlock down one to go ,Negative,34.609001874923706
ughsummer colds are the worst esp when you have a fever on top of this ridic humidity ,Negative,85.80069541931152
I miss Zack so much these days ,Negative,29.136011004447937
dbferguson Im using an Asus Forget which one at the moment since I dont have it near meBut my complaints are similar to yours ,Negative,26.565277576446533
powersurf OH Ive Got a case I designed it Someone idiot stole it and I can prove it If they want to play hardballIm game ,Positive,22.150635719299316
my thumb hurts after breaking the nail ,Negative,41.92897975444794
amymacdonald1 Congrats on the 4x platinum  Its a fantastic album one of my favs,Positive,85.36350131034851
JosephFrost Yeahh that would be pretty awesome ,Positive,36.95636689662933
benlizzotte so i think you should work for the discovery channel bc then it would be media AND sharks ,Positive,32.77354538440704
paddyrules home is mums house lol hm maddens could be a plan am actually stone cold broke atm tho not even sure i could afford door fee ,Negative,42.06930994987488
MandyyJirouxx that page doesnt exist ,Negative,65.80288410186768
fighting a cold ,Positive,29.01705503463745
greeleyalex  aw im jealous I miss home I wish I could be home in CG right now Watching spanish tv with my Gparents,Negative,45.774662494659424
aleshacal my phone is dying  no charger here,Negative,68.03232431411743
mileycyrus Green Day new cd on the 15th and you on the 16th woo ,Positive,45.3231006860733
my tv always freezes while im watching inbetweeners ,Negative,39.06453549861908
softjunebreeze Exfactor Me too ,Positive,27.486464381217957
 Back to school on MondayWell I did get an iPod Touch shmuxel  randomized180 See yah tomorrow then I guess ,Negative,33.344122767448425
LisaAnneWest i missed it  have to catch up on sunday ohh ye so  fancy ldn on sunday xoxo,Negative,33.11190605163574
tried to check out your site poeticmindset  not working ,Negative,67.81734824180603
Watching Wayne Dyers new program on PBS quotExcuses Begonequot Lower mainlanders can check it out on ch 27 or 204 on Shaw Peace ,Negative,32.03682899475098
pimples attack Arghhhhhhhhh ,Negative,49.64072406291962
has to pack stillll and doesnt want to ,Negative,37.949320673942566
snikkins How dare you get some before I have a chance to Youre no longer my friend ,Negative,28.360623121261597
Cant stop listening to the clips of Jonasbrothers new album Lines Vines and Trying Times its so amazing cant wait for the whole thing ,Negative,37.008824944496155
about to pour in orlando ,Positive,31.21694326400757
carriecruz I know I dont think they air it on any of the cable channels anymore but you can download them from the net ,Negative,26.221027970314026
AprAnaya  you will    check the website so you can have an idea as to what product u want to try  I will sent u the email tomorrow ,Positive,25.741910934448242
annieomnious    can it be fixed  can we make a new simple one mayb,Negative,40.498945116996765
blÃÃ i have a headache ,Negative,41.255784034729004
Has just joined Twitter It better be good ,Positive,28.864052891731262
Where in Singapore do they sell Dujour ,Negative,40.662914514541626
iranelection The quotyellow Pressquot is alive and well in the 21st century how quickly we forget the USS Maine ,Positive,49.270522594451904
havent been on all day  went to bed late last night,Negative,28.590723872184753
wheres all the rain we were supposed to have today not complaining tho its lovely amp bright very happy making ,Positive,66.53488874435425
claire_stokoe thank you it only took me two minutes thankfully the style of envirowisegovuk was already there for the taking ,Negative,33.72772932052612
ps i think twitter sucks if you dont have free unlimited texts ,Negative,63.93570303916931
xDorkyStacy Ha THAT SOUNDS SO WRONG STACY lmao  i love you and when I take one Ill think of you too haha and on youtube ,Negative,59.14345979690552
gwyn007 waz7710    no no really its ok u try em out and then u can see which works and doesnt  by that time its to late,Positive,49.84956979751587
Who else misses Parade the day incredibly much ,Positive,39.73821699619293
I was caller number one ,Positive,37.20565140247345
StewartWade ditto Goodnight amp rest well Go play the lottery I bought a ticket when I was n FL last week but no luck ,Positive,32.25903511047363
Mornin every1 Hope all is well Im your worlds Im not sure why Im at work at 745 this mornin but I guess Its not all bad ,Positive,38.23343217372894
should be going out but wants to stay put to participate in RichardWiseman experiment  might have to do it by txt no photo part ,Positive,34.04405117034912
If you can take criticism and blame without resentment YOURE PROBABLY THE FAMILY DOG  see  cheers Louann,Negative,28.542637825012207
TeeMonster Sorry I know Im late responding 15hrs  timezone troubles but I think you would need to load Audacity to your compy,Negative,33.4728479385376
History exam today and dreading it ,Positive,26.125100255012512
After seeing mr benningfield tonight it really made me start to miss my vand family like hXc  i love you band geeks lt3,Positive,57.108330726623535
Just downloaded a new Twitter app for my phone So much better already ,Positive,37.363725900650024
I seem to be making a habbit out of not falling asleep until very late ,Positive,32.06885755062103
There was a steady stream at my polling station mostly old folks surely they wouldnt vote for the fascists  Are people that stupid ,Negative,31.042170524597168
Missionaries had passport problems Still havnt arrived  yall pray,Negative,45.601022243499756
had a very good night ,Positive,44.914039969444275
Enjoying the morning just hanging out with Juliet in Victoria She doesnt know it yet but Im taking her to see Il Divo tonight  fb,Positive,54.21077609062195
Off to the Miss Bikini Philippines pageant Thanks to veggiecircle for the ticket ,Positive,25.379586219787598
im going global  ,Positive,34.58859920501709
They are gone  ,Negative,42.06531643867493
Friends with scott again ,Positive,47.44957685470581
I think that my lovely brother ScottyHolloway should take me and his lovely sister Ho11y to Old Town for some dinn dinn amp margaritas ,Positive,34.083542227745056
Roast in the cooker and cakes in the oven soon  Good morning  Hope everyone is well today ,Positive,58.089131116867065
Wooo I picked my sister and I miss the empty house ,Positive,26.52406096458435
aleahhh season is almost done with babe ,Positive,38.90868425369263
off to work    byeee xox,Negative,59.64620113372803
alexandramusic Diversity won damnn i wanted flawless to win ,Negative,28.959155082702637
printin stuff for my aunt dont ask y its so late i forgot 2 do it earlier ,Positive,25.353655219078064
 can some one pleease tell me how to work out the total surface area of a square pyramid ,Positive,32.87058472633362
DENISE_RICHARDS love your hair  dont ever cut ur locks ,Positive,75.6982684135437
okse Phew Hate to think you and Colin had fallen out Glad hes smiling for you Hip Hip Hip Hooray ,Positive,64.28743004798889
Dee_Dee_3 high low ,Positive,25.128376483917236
And the motivation came  yay Not finished yet but well on my way  Gonna go finish it xx,Negative,27.30165123939514
Still cant get Jonas Bros ticketsdreading facing my niece later on  I can see the tantrum now Hope they put on another gig in Dublin ,Positive,29.29391860961914
I though the clothes of AW0910 Collection from 9 designers will be there together with the visual arts but it is not ,Negative,39.4361287355423
On schedule now to soft launch tomorrow evening  already have first customer  lost cat ,Negative,29.89700436592102
quotThank You Lord for reminding me to see myself the way You see mequot ,Positive,56.52380585670471
CharlieeSimpson I Was Looking at an Old Poster From Busted The Other Day  You Had Really Short Hair And Everythng   Young Ta Old ,Negative,35.314708948135376
Ugh so bored today ,Negative,48.59342873096466
home from a long day of work i wore heels from 11am to 7pm i must be crazy came right home to soak the feets lol who wana rub em ,Negative,31.152379512786865
Still at work  This entire week has felt like an extremely long and awful Monday,Negative,26.837939023971558
Upgraded iPhone to 30 but seem to have weaker link to tamu wireless ,Positive,44.86812353134155
morning twitterlandoff to work i go ,Positive,41.940975189208984
Debbiebarnhill Im such a plantaholic I spent several thousand s the last few years planting at my brothers lake cabin  he sold it ,Positive,34.214380383491516
Trying to learn some quotPHOTOGRAPHYquot ,Positive,32.760924100875854
KrisAllenmusic Ill be sure to vote for you in that competition  A star with your name on it would go well with your Idol Trophy,Negative,28.685519099235535
already miss baby donkey ,Negative,42.68490374088287
kpsomotragos I have it on good authority that well be getting it around 3am ,Positive,37.075015902519226
Just heard gun shots in my neighborhood ,Negative,25.77871084213257
Just watched hella home movies with my aunt and uncle I miss the days where our whole family got along ,Positive,27.234742045402527
I am sooo tired My eyes literally cant stay open ,Negative,50.9901225566864
I hate word challenge on facebook ,Negative,42.40206778049469
is sad she couldnt go out with her girls tonight  Its been too long,Negative,43.37497353553772
PACKING SUCKS i miss my Lee ,Negative,36.731913685798645
O how i love you sammoons  o how i do ,Positive,72.82302975654602
Wants a free doughnut Krispy Kremes are so expensive but 10 million times better than other doughnuts ,Positive,25.25334060192108
new phone  tattoo on monday Woo just had tea yummy,Positive,29.958179593086243
waiting for my hoe to come back ,Negative,30.999231338500977
i just cried a lot  im so over that all  and i cant hear it anymore,Negative,38.63416016101837
Trying to get on facebook ,Negative,22.52762019634247
I want to post lol cats on here but I cant ,Positive,35.29579043388367
RobbieTaylor I have no comment about who won the game until this replay is completed ,Negative,25.803378224372864
Thank you everyone I seriously am I lucky guy to have such great and lovely friends Lets keep in touch  chuckisherecom at LAX,Positive,80.97022771835327
friday gimmick in the office  but always looking forward for the weekend,Positive,39.71318304538727
TALK meeting tonight at Tampa Chamber at 6pm with WOMlinda as guest speaker on Word of Mouth Marketing Happy Hour after  Tinatapas ,Positive,39.40247595310211
successfully obtained  visa entries to enter  and stay in the Royal Kingdom of Thailand ,Positive,59.6951961517334
Downtown Disney ,Positive,37.367090582847595
missing my mom ,Negative,38.150572776794434
A little sad  pretty bad news and feel too much insecure about my playing,Positive,54.66769337654114
HuniB oOhwee naw i just been chillin tryna get use to this new work schedule of having to be at wrk  7 ,Negative,43.42454671859741
juzgalvez Hahaha Dont be scared They need fresh minds and youre it ,Positive,28.792279958724976
grandparents arrive tomorrow good nite ,Positive,45.66637575626373
that was a good chat  keep u posted guys,Positive,31.34801685810089
BrokenStruggle to much waffle amp not enough drinking going on hes a less annoying version of numpty amp hes not you which makes me ,Negative,44.90915834903717
theclimbx3 i knooow  its the pizza girl episode xD lt3,Positive,32.760027050971985
Random drunk girl sitting by my car quotIs that your man bagquot  Me quotYes thats my man bagquot  BTW its name is Butch  ,Negative,57.395464181900024
lots of cool ppl  gt actionchick thewildjoker walterdoc JGDemas amilya williger  followfriday,Positive,41.093361377716064
Alright this is my debute twitt  yay lol,Positive,36.76868975162506
Spitphyre girls i am outta it then  my exams,Positive,24.547521770000458
Why do peep toe shoes hurt so bad ,Negative,61.731064319610596
Alyssa_Milano do celebs get more characters than the rest of us ,Positive,26.203739643096924
need to charge my mac ,Negative,26.970794796943665
Keyshia cole loves bebe too ,Positive,43.616631627082825
dstarr I want my bed  x,Positive,50.39581060409546
Dang itBRBhave to get the cake candles and ice cream out and sing happy birthday to my niece Sweet 16 ,Positive,55.47451972961426
StiffValentine Olympus E410  Besides the recent digital lenses I also got an old 50mm OM lens which mounts via a simple adapter  ,Positive,42.020443081855774
is going to watch the brewer game eat soup play sims and sit in a vaporizer filled room stupid cold this sucks ,Negative,82.9785704612732
Hmmm My whole body feels sore ,Negative,48.42376112937927
Venyadosae Im sooo happy youll get to retake penguin pics I collect penguin stuff and am a penguin FREAK Cant wait to see ,Positive,29.131805896759033
My server has been going down lots lately it makes me a sad WoW player  lol,Negative,50.386905670166016
how would you feel if taylorswift13 was in a GoBernos video eh eh ,Negative,32.84268081188202
timdifford cheers I spotted that  couldnt find it on the App Store though ,Negative,32.00192451477051
sore throat ,Negative,40.088772773742676
Hed go anywhere with me ,Negative,50.256478786468506
LexiePixie your tarot twreading is next ,Positive,22.937963902950287
Bowl_the_Bunny lol love how we put some in stars some hahacrosses fingers i hope you get more ,Positive,50.154703855514526
This tea taste like pure WATER  Yuck,Negative,43.103188276290894
sad that its not my birthday anymore and that my balloon is deflating ,Negative,40.08713662624359
Great to get bk online my own net was down ,Positive,47.86907434463501
St Andrews is scaring me ,Positive,48.927658796310425
Finally done work YAY ,Positive,53.655582666397095
DTatStar not nice  lol,Negative,41.831591725349426
i aint aliveim just breathing to death ,Negative,53.90172004699707
Sorry you missed it Good night ,Negative,51.3078510761261
oopss did that twice  D im such a silly moo,Negative,49.10925328731537
acj525 mummmmmmmmmmm  can you put the pizza in the oven ,Negative,32.7421635389328
ibbypop haha yeeahh yeahh you know its only till 230 so its not too bad ,Positive,41.86144769191742
Jagusti shit I thought it was months away  Im not in Sheffield this weekend ,Negative,62.7394437789917
Shadez mmmi wouldnt mind lil Katys either ,Positive,26.358675956726074
On a JEW mood Downloading Futures Chase the Light naman mamaya Haha ,Positive,26.446330547332764
Wishes kirstiealley a Happy Mothers Day ,Positive,47.72590696811676
More rain due ugh going to a graduation today and was hoping the kids could go swimming ,Negative,42.53546595573425
woke up early todaydont wanna go to school tomorrow ,Negative,46.38925492763519
I cant seem to fall asleep tonight ,Negative,38.96733522415161
EU09 In 5 years we need a best coverage World take a look here yes here Europe is moving ,Positive,51.65688395500183
That should give you happy thoughts ,Positive,33.69631469249725
monzongo2009 OH NO  Get well soon   Im trying to get well myself in the midst of Merola  Sending you virtual antibiotics ,Negative,45.248210430145264
Dam texts woke me up ,Negative,43.6141699552536
I could seriously go back to sleep  working 311 tonight w mitchbut toni wont be thereits not the same but i hope its fun ilu,Positive,44.394245743751526
eatin an icecream ,Positive,35.21276116371155
FifthSenseNYC Ill be giving the Mark Birley a wear later this week even though Im not a quotquiet manquot ,Negative,40.266796946525574
happy birthday to andy hurley ,Positive,59.902191162109375
Hangin with my bestie suzi ,Positive,52.15548276901245
 FML today sucks i just hope the dance will bring my soul up i pray but im still sadi hateee todayyyyyy gt,Negative,51.638197898864746
But I will follow ,Positive,40.87716042995453
Im saying good bye to a good friend tonight kinda sad ,Positive,46.86685800552368
my last nite in work for weeksah im in such good humour ,Positive,61.3048791885376
My Sonic skills have not improved Running fine Spinning awesome Jump from platform to platform The fail whale grabs me ,Positive,42.07659661769867
saw a red balloon flying outside my window somewhere out there a kid must be crying because the wind blew his balloon away ,Negative,43.323299288749695
Working today Closing 2  11 Missing out on Mings birthday dinnerparty ,Positive,35.93299984931946
JoshBkelley just wanted to say the youngstown girls miss you   amp what happened to tell it like it is on itunes cant find it,Negative,37.68094182014465
AhhhI finally dont have to keep 5 guys happyI get waited on tonite ,Negative,33.0354779958725
hope you feel better mommy  I love you X,Positive,69.03707385063171
KandyChazer it isbut i was told i was gonna be entertained and i wasnt ,Negative,40.23023843765259
yay just realized im not driving this trip and can do all the twittering  ,Negative,44.10578906536102
amf7 Thank you for reminding me I actually have something in mind given the date Hint its Star Trek related ,Positive,34.03343856334686
We should have brought a flask with v0dka Hahaha ,Negative,32.01559782028198
Just got pulled over on 36 I am fucking terrified of cops My headlights out I guess  mew,Negative,55.50069212913513
gotta go checkconsoleconvince 2 yo to stay in bed and that he actually WANTS to go to sleep 20 min nap in car past his sleep ,Negative,53.402143716812134
cali_g510 ok   I got you,Positive,34.959253668785095
Changed the background on here About to go watch Mary Shellys Frankenstein  Add ,Positive,31.398281455039978
MANDY_EMMERSON I know you do Go TEAM GB ,Positive,32.7802300453186
sdministry Hey scott Its Ashli from Shelby County We met when Rick and Mick were in town How you been It been awhile ,Positive,31.4247727394104
temptationdice why did my family decide to have a family gathering  i see why you hate them ,Negative,40.126267075538635
kerryjor Happy Birthday  Enjoy the cougar years  roar ,Positive,53.52517366409302
I work 96 today with bitch boss ,Positive,57.374221086502075
  DD has pinkeyenot fun,Positive,40.53928554058075
3 little birds pitch by my door step singing sweet songs of melodies pure amp true sayin dis is my message 2 you dont worry about a thing ,Positive,59.11908745765686
Church of the Highlands  1130 in the Bryant Conference Center BE THERE   ,Positive,40.08744955062866
Off to london biggin hill ,Negative,32.93817341327667
definitely just failed my exam ,Negative,58.37860703468323
Burlesquetron oh sorry I didnt see this tweet further down sorry unhappy DD  4 champers 4 me  looking 4 hair dye in back of cupboard ,Negative,68.59135627746582
laurie_pringle I mention it in the blog post Its in Vancouver ,Positive,28.510743379592896
I am soooo happy ,Positive,55.99069595336914
Itxi_Itx th3maw  This is a great conversation  What else might you do with your sheets during the act of love  eh  eh  ,Positive,52.347999811172485
mark cubans doin handsprings right now the quotpunks and thugsquot are sinking but hes not looking forward to paying dirks child support ,Negative,49.163034558296204
lovelyberries haha you can cuddle with me anytime ,Positive,48.71717393398285
had a lovely birthday  ,Positive,41.146549582481384
judez_xo ugly kids there  woahh where am i then ,Negative,58.304762840270996
canadianfamily The best thing about my Mothers Day was my son And the card my husband got me from our 55 week old son ,Positive,75.66062808036804
Just got off the  â  Misery loves company Haha,Negative,53.84957790374756
ugh sdre isnt coming here  lame today can suck my dick,Negative,74.55386519432068
andyclemmensen tv on mute cause its boring but then ipod with speakers on timer  now thats how its done,Negative,37.83196210861206
TWO More weeks and its back to work ,Negative,40.84912836551666
is healthy breakfast then back to geography revision ,Positive,46.12016677856445
off to sleep GOOD NIGHT WORLD  hope itll not rain tomorrow,Negative,29.355114698410034
Kylies being a bad girl today ,Negative,53.82547974586487
LaYdeeDeliSh hes definately a strong lil guy ,Positive,36.85999512672424
I watched UP This time I cried  Its really sad and hilarious  That movie totally rocks,Negative,62.778764963150024
just booked my driving test ,Positive,47.453051805496216
ive been working for more than 24 hours now ,Positive,39.370810985565186
ddlovato I wish I was a celeb like you Miley Cyrus Selena Gomez Taylor Swift and all those pretty girls out there ,Negative,33.000448346138
I cant believe the last survivor of the Titanic diedthats really sad ,Negative,57.43510127067566
Starting to wonder if my future landlord is crazy or prejudice against americans this may not end well ,Negative,37.03243434429169
kiniaq and the reasons are never wrong my dear they are absolutely lovely  wow,Positive,87.28170394897461
lexia well done on all your reporting  Havent been vocal but have enjoyed and appreciated your work Cheers lady ,Positive,45.87506651878357
I would love the 85mm 12  but would settle for the 85mm 18 Id also love a 1Dsmark3 for it to sit on ,Positive,45.27516961097717
AngelIVXXX very good price ,Positive,61.696040630340576
MrRathbone You have many friends here who will walk with you through the dark and the light Smile ,Positive,58.56063961982727
soo hungry hot dogs with all the fixings sounds yummy  ,Negative,29.56644892692566
is having a bad day  email not working properly and looks like the 10km run is off for me ,Negative,66.47878885269165
officialnjonas you speak my name in chat pleaseI am a big fan yourfollow me ,Positive,41.134434938430786
The Tonight Show w Conan was AWESOME I missed that tall pale redheaded man ,Positive,55.80466389656067
Hail_Mary_Jane never date anyone whos on twitter then you cant tweet about how whack they areltsooooooooo true ,Negative,81.89603090286255
I need someone to talk to  Who can that be ,Positive,27.825120091438293
BrianMcnugget still your old joker kinda selfim gladi kinda miss it ,Positive,34.14544463157654
un vot pe blogoree pls    Multumesc ,Positive,25.37776827812195
Dear baby I cant wait until your teething days are over ,Positive,30.608734488487244
ninasplayground LOL I didnt know it was on  OF COURSE if watch that dumb bitches show  like a train wreck Cant stop watching ,Negative,48.597562313079834
imPLastic ,Positive,44.2891001701355
BlackBerry troubles all over fortunately enough I dont have one My HTC Touch works fine for almost 2 years ,Positive,34.978193044662476
MeganBull how do you know how much your twitter profile is worth hahaor was that a joke ,Negative,49.310508370399475
  I knew it from the start Its a two year old tshirt by now Always makes me pleased to see though ,Positive,48.50188195705414
I had Wendys before this That was a bad choice   ,Negative,35.12260317802429
cjm55 Thanks  ,Positive,45.40938436985016
why do people not just try to understand instead of getting pissed off  when someone needs you its cause they love you,Positive,47.49996066093445
Castiel_ yeah totally ,Positive,28.755193948745728
Lumiel Arent you sweet ,Positive,42.537087202072144
CDC Vaccine Advisor Pockets 29 Million Promoting Vaccines     MORE ELITIST SCUM VACCINATION PROFITEERING  Sorry ,Negative,71.36387228965759
MissChriis i dont know how to celebrate yet lol but im very excited about it ,Negative,50.147974491119385
windsorj Poor thing  Hope you feel brighter soon x,Negative,51.68766379356384
Ah The perfect summer day was ruined by the rain Too good to be true  but its still hot as hell I feel sticky and gross Long day Ha,Positive,33.003926277160645
 i gotta work today,Positive,51.733797788619995
nowamunkie My pleasure ,Positive,63.6963427066803
Blood Brothers was Amazing  Got my program signed by the cast  Got a Picture with Sean Jones ,Positive,61.634624004364014
bob to the top high school musical porno ftw ,Positive,68.46935153007507
DavidArchie Im running a fever  If you gave me a shoutout I swear Id get better HINTHINT HAHAHA,Negative,43.58212053775787
edicius during this Stanley Cup match up yes I am a Pens fan ,Positive,56.56830668449402
besz I will tell you on Thursday all about Tuesday I promise How bout I skip all this and just eat the monkey for breakfast ,Negative,47.2413033246994
I thought it was meant to be a hot summer  to mean rain doesnt mean hot,Positive,39.669269323349
Wolfie75 Welcomes home  Glad you had a fabbo time,Positive,63.11102509498596
doesnt know what to do with himself today but might get some blonde put in his hair for summer ,Positive,53.96615266799927
kick  butt Chuck has been renewed for a third season  Sucks only 13 episodes though    ,Positive,29.085159301757812
just wants to get it over and done with I miss working ,Negative,42.201194167137146
Boy_Kill_Boy Anything for first class tix ,Negative,52.27991342544556
Jason25329 Sorry to hear that  but hey youre eating well at least,Negative,27.647602558135986
Phew Done rewriting the 1st bit of my results to order Reread comments from bosses to ensure Id incorporated them Had But sad now ,Positive,33.72495770454407
morning tweeple  hope you all have a great monday,Positive,61.53680682182312
Home and off for hopefully a sunny weekend ,Positive,35.8841210603714
innocent_eyez26 OMG o ahahaa oh well thats common there  hihii,Negative,75.7202684879303
packing up my room ,Positive,53.9615273475647
CEO is on the floor today Need to be careful while surfing today Its all work and no play day ,Positive,31.71601891517639
hitting the gym  its bout time,Positive,24.34423118829727
Wife just left on a motorcycle ride I still need to get my Washington plates  so I am at home Drat ,Positive,26.026904582977295
TwilightilDawn Oh man I want palm trees and the beautiful ocean Not cow town CO  Follow peterfacinelli billy_burke,Positive,32.656654715538025
musicmonday King Blues My Bolder ,Positive,59.82661843299866
I have a 1500word deadline in 2 days stacks of research materials are surrounding me and I dont have a clue how to start  Need coffee,Negative,32.24367797374725
gfalcone601 well at least you had a great time and thats whats important ,Positive,30.01723885536194
Oh and more car FAIL after all the work i had done Fri the Check Engine light went on just as i got home last night ,Negative,62.7106249332428
itwittmyclit Im jealous I wanna nerd out ,Negative,55.76688051223755
PiKaHsSo Sup fam Hope you have a GREAT weekend Keep doing what u do we appreciate u ,Positive,51.7427921295166
  Before his hair cut I just wanna kiss that little face all day long ,Positive,36.890411376953125
mike_rhodes r u romeo from somewhere ,Positive,28.507331013679504
Only problem with Google Chrome no foxkeh ,Positive,31.45880699157715
Figuring out how to live a life where Im my own boss fun ,Positive,49.69542622566223
CAN YOU SAY AFTER 30 HOURS OF TRAVELING IM FINALLY IN ARGENTINA yes oh hello Buenos Aires how i love you ,Positive,75.87490677833557
dawnmcwilliams Saha ,Positive,35.94602644443512
I dont feel well at all Dizziness and vomit No fun ,Negative,60.260701179504395
I want to drink tonight want a cosmopolitan ,Positive,33.309805393218994
dance2jeffreee I have already watch that video lol ,Positive,35.6674462556839
Everytime she stops talkin or replying for hours or days it is like shes leavin me all over again ,Negative,53.99518609046936
is off to work til 4 Happy Hump Day ,Negative,37.76405453681946
girl_alex   Hope youre okay,Positive,50.41903853416443
i made 29 updates today my record xD talk to you tomorrow bye ,Positive,48.858797550201416
disco_di aww tell me about it its just not the same  hope you have a better day,Negative,34.279343485832214
SomeWriter Hey great minds think alike ,Positive,33.09084177017212
Mothers Day is a traditionally time for BBQ here  unfortunately I dont like BBQ at all   but I am also not a mother  ,Positive,33.15354585647583
back from school w _gerardo Making a grocery run w kellan_craddock before celebrating chadachis 22nd birthday with a barbeque ,Positive,33.26626718044281
Summat to make your laugh today  ,Positive,31.61211907863617
regretting not wearing sunscreen today spent 6 hours walking round Kew Gardens during a mini heatwave Healthy glow is an understatement ,Negative,46.656253933906555
Shot after shot Alc is lying to me ,Negative,54.611003398895264
kirstiealley Prizes are good ,Positive,49.64105784893036
Everyone follow JKitsJena because this twitter is fawked pleeeeease and thank you ,Negative,63.197046518325806
 the booptys crib watching chucky 3 with the little one my boopty aint feeling well ,Positive,36.856138706207275
im off from one job and now im off to my next one i wish i was rich and didnt have to worry about money but i have to cuz of my son   ,Negative,42.350152134895325
BT_broadband Ah well were both in the same boat then I switched because they were throttling the speed every single night ,Negative,34.70785319805145
and thedebbyryan  is WRONG tha page dont found  follow us we r ur team TEAMofDEBBYRYAN,Negative,66.20599031448364
tonyrobbins quotparadise is where I amquot he also said ,Positive,25.837624073028564
Guitargirl5595 yeah so now i am all bummed cause now i dont have college anymore ,Negative,54.59681153297424
TomboyTigress  you told me you LIKED my marshmallow fish runs off crying,Positive,23.37341606616974
is back at the hotel wifi doesnt reach the room  ,Negative,55.2939772605896
Im a very open girl and if you remain respectful we will have a lot of fun  See my pics here ,Positive,37.223780155181885
jaimeeashley i demand a picture of the red hair please and thankyou ,Positive,28.858521580696106
I will try to remember to Twitter from the George Strait concert ,Positive,33.037269115448
going to take some photo and ride my whole new bike ,Positive,42.98139810562134
good afternnon world althought the weather is bad i hate the rainny season ,Positive,46.16329371929169
Hai anyone wanna hang ,Negative,73.63495230674744
